"","rf","up","low","f","group"
"45",NA,NA,NA,45,"Dagaa"
"46.008",NA,NA,NA,46,"Dagaa"
"47.016",NA,NA,NA,47,"Dagaa"
"48.024",NA,NA,NA,48,"Dagaa"
"49.032",NA,NA,NA,49,"Dagaa"
"50.04",NA,NA,NA,50,"Dagaa"
"51.048",NA,NA,NA,51,"Dagaa"
"52.056",NA,NA,NA,52,"Dagaa"
"53.065",-38.8219341876972,-40.1340528307547,-37.8156256706965,53,"Dagaa"
"54.073",-38.154901643562,-39.5147067782472,-37.1208737278165,54,"Dagaa"
"55.081",-37.7787719392895,-39.0429076098907,-36.8008468071533,55,"Dagaa"
"56.089",-38.1075348546875,-39.3570890889279,-37.13833460679,56,"Dagaa"
"57.097",-38.235748899855,-39.6230506272199,-37.1859545706323,57,"Dagaa"
"58.105",-38.0751595073813,-39.3951800576481,-37.064224381117,58,"Dagaa"
"59.113",-38.2526055979165,-39.5664314672049,-37.2452963600313,59,"Dagaa"
"60.121",-37.9728529644677,-39.5321221905256,-36.8279104149953,60,"Dagaa"
"61.129",-38.1863855595247,-39.7064071134151,-37.0626469395861,61,"Dagaa"
"62.137",-39.0113451062024,-40.3109985317902,-38.0123622496556,62,"Dagaa"
"63.145",-38.0622996653872,-39.4695802869952,-37.0011475087431,63,"Dagaa"
"64.153",-37.6727415927874,-39.108508261464,-36.5955362043307,64,"Dagaa"
"65.161",-38.1938689744094,-39.6014190684517,-37.1325641842302,65,"Dagaa"
"66.169",-38.6027992312207,-40.1327610759111,-37.4736623212983,66,"Dagaa"
"67.177",-38.446672010156,-39.8840791267542,-37.3685471523684,67,"Dagaa"
"68.185",-38.3813979065034,-39.6705175516312,-37.3886317258606,68,"Dagaa"
"69.194",-38.5330046413015,-39.8617815580083,-37.5169581720651,69,"Dagaa"
"70.202",-38.4584836217728,-39.8803822418053,-37.3890729694135,70,"Dagaa"
"71.21",-38.1597302478925,-39.6135464872003,-37.0724378354221,71,"Dagaa"
"72.218",-37.4315488686639,-39.0300878717372,-36.2656830921835,72,"Dagaa"
"73.226",-38.1015899341823,-39.6847186140593,-36.9439003436206,73,"Dagaa"
"74.234",-38.5025913367308,-40.0349002065343,-37.3721826030829,74,"Dagaa"
"75.242",-38.176392962095,-39.5956755441841,-37.1084570571905,75,"Dagaa"
"76.25",-38.6443770259746,-39.9425824198876,-37.6462473274808,76,"Dagaa"
"77.258",-38.6188464820547,-39.8714156949821,-37.647838362229,77,"Dagaa"
"78.266",-38.5106395325773,-39.767611059338,-37.536995255249,78,"Dagaa"
"79.274",-38.6136909996007,-39.8715394759941,-37.6395221045083,79,"Dagaa"
"80.282",-38.4963423517344,-39.6785124712002,-37.5680776709976,80,"Dagaa"
"81.29",-37.5177933162902,-38.757210148815,-36.5546865122448,81,"Dagaa"
"82.298",-37.6169327192855,-38.8225127289375,-36.6743306893485,82,"Dagaa"
"83.306",-38.0381280429828,-39.2579053531727,-37.0868913360765,83,"Dagaa"
"84.315",NA,NA,NA,84,"Dagaa"
"85.323",NA,NA,NA,85,"Dagaa"
"86.331",NA,NA,NA,86,"Dagaa"
"87.339",NA,NA,NA,87,"Dagaa"
"88.347",NA,NA,NA,88,"Dagaa"
"89.355",NA,NA,NA,89,"Dagaa"
"90",NA,NA,NA,90,"Dagaa"
"91",NA,NA,NA,91,"Dagaa"
"92",NA,NA,NA,92,"Dagaa"
"93",NA,NA,NA,93,"Dagaa"
"94",NA,NA,NA,94,"Dagaa"
"95",NA,NA,NA,95,"Dagaa"
"96",NA,NA,NA,96,"Dagaa"
"97",NA,NA,NA,97,"Dagaa"
"98",NA,NA,NA,98,"Dagaa"
"99",NA,NA,NA,99,"Dagaa"
"100",-38.8014661351151,-40.259127463195,-37.7120333162455,100,"Dagaa"
"101",-38.5344792108874,-39.8352444328732,-37.5348416076559,101,"Dagaa"
"102",-38.3198588579101,-39.6112594133753,-37.3257445273756,102,"Dagaa"
"103",-37.9204519985699,-39.3077620442496,-36.8706529233761,103,"Dagaa"
"104",-39.0628945140818,-40.317214045597,-38.0908377711418,104,"Dagaa"
"105",-39.6066819887043,-40.8526819735131,-38.6396155563062,105,"Dagaa"
"106",-39.2630653125916,-40.6279922703214,-38.2260886482101,106,"Dagaa"
"107",-38.2099729611256,-39.8121361458748,-37.0421907568509,107,"Dagaa"
"108",-38.1923945345736,-39.6682987941977,-37.0928466772907,108,"Dagaa"
"109",-39.2423904828701,-40.5606793470845,-38.2324681265772,109,"Dagaa"
"110",-39.2368071131366,-40.6828907265155,-38.1538280881759,110,"Dagaa"
"111",-38.8794990425149,-40.4441650439198,-37.7316638242508,111,"Dagaa"
"112",-38.8994456176491,-40.3598118493422,-37.8085088538225,112,"Dagaa"
"113",-39.1277873287813,-40.4723840870701,-38.1025476047735,113,"Dagaa"
"114",-39.307882645348,-40.6971738387331,-38.2569536431382,114,"Dagaa"
"115",-39.7418130920816,-41.1529666502294,-38.6784686663877,115,"Dagaa"
"116",-39.4400906685855,-40.9686771565363,-38.3116995400545,116,"Dagaa"
"117",-39.2346560258829,-40.6145446204664,-38.189096903506,117,"Dagaa"
"118",-39.546797551735,-40.9092103950078,-38.5112676348194,118,"Dagaa"
"119",-38.9511833205817,-40.5194945124251,-37.8013974030763,119,"Dagaa"
"120",-38.692935365648,-40.3417760440018,-37.5006874782528,120,"Dagaa"
"121",-39.1902143949131,-40.835530671473,-37.999799853593,121,"Dagaa"
"122",-39.3294965297874,-40.8892047250693,-38.1843184866805,122,"Dagaa"
"123",-39.4291875732088,-41.1032134925976,-38.2239042166964,123,"Dagaa"
"124",-39.1918736247395,-40.8707399281362,-37.9840980717526,124,"Dagaa"
"125",-39.1421665954,-40.7056613233579,-37.9949587100978,125,"Dagaa"
"126",-39.1725762986657,-40.846475398721,-37.9673582949455,126,"Dagaa"
"127",-39.1606768388656,-40.7426983370604,-38.0035763928777,127,"Dagaa"
"128",-38.7634493231569,-40.3065505341469,-37.6272059686916,128,"Dagaa"
"129",-39.0356462434549,-40.5672517608593,-37.9056185365269,129,"Dagaa"
"130",-39.2478244032723,-40.8069525084363,-38.1029575686354,130,"Dagaa"
"131",-38.8289239894107,-40.5783679942956,-37.5852822932741,131,"Dagaa"
"132",-38.5547633244093,-40.263398088399,-37.3317527648749,132,"Dagaa"
"133",-38.9217523718973,-40.4678881103517,-37.783872490829,133,"Dagaa"
"134",-39.2270600156786,-40.6736548208505,-38.1437954699036,134,"Dagaa"
"135",-39.018473019489,-40.4931906047892,-37.9195811238818,135,"Dagaa"
"136",-39.0312577491091,-40.6223671928802,-37.8693282972608,136,"Dagaa"
"137",-39.4417429812611,-40.7640312015648,-38.4294825841326,137,"Dagaa"
"138",-39.3870399154298,-40.7713889472835,-38.3389311336301,138,"Dagaa"
"139",-39.0207028310638,-40.5345089035723,-37.9003493680854,139,"Dagaa"
"140",-39.1870391759737,-40.5890738222022,-38.1288613825697,140,"Dagaa"
"141",-39.2567328330428,-40.8618556439158,-38.0873874228967,141,"Dagaa"
"142",-38.5411301113097,-40.2503282718617,-37.3178327332821,142,"Dagaa"
"143",-38.530834099991,-40.0666126738159,-37.398547116853,143,"Dagaa"
"144",-39.3167778389241,-40.8598025062007,-38.1805757873985,144,"Dagaa"
"145",-39.9667466339734,-41.5305845304514,-38.819354921023,145,"Dagaa"
"146",-39.4377733740226,-41.0476746398313,-38.265907527472,146,"Dagaa"
"147",-39.43349193097,-41.0702563064526,-38.2475353903566,147,"Dagaa"
"148",-39.7428838264278,-41.2793847364236,-38.6102061129331,148,"Dagaa"
"149",-39.8031851283087,-41.430127393274,-38.6223652466334,149,"Dagaa"
"150",-39.6399609597732,-41.4176841611815,-38.3821926268184,150,"Dagaa"
"151",-40.1709406396302,-41.8228716237255,-38.9770870766646,151,"Dagaa"
"152",-39.7656699292288,-41.442502735051,-38.5589408623684,152,"Dagaa"
"153",-39.4270824151885,-41.2192615055252,-38.1621458083188,153,"Dagaa"
"154",-40.0295609645821,-41.7329814645045,-38.8092075918147,154,"Dagaa"
"155",-40.1102582625076,-41.704794200111,-38.946512107744,155,"Dagaa"
"156",-39.3206507009805,-40.9425238595895,-38.1424887371798,156,"Dagaa"
"157",-38.8031164629219,-40.2348515434515,-37.7281730799015,157,"Dagaa"
"158",-39.4018735753692,-40.8196036027746,-38.3348135542378,158,"Dagaa"
"159",NA,NA,NA,159,"Dagaa"
"160",NA,NA,NA,160,"Dagaa"
"161",NA,NA,NA,161,"Dagaa"
"162",NA,NA,NA,162,"Dagaa"
"163",NA,NA,NA,163,"Dagaa"
"164",NA,NA,NA,164,"Dagaa"
"165",NA,NA,NA,165,"Dagaa"
"166.016",NA,NA,NA,166,"Dagaa"
"167.019",NA,NA,NA,167,"Dagaa"
"168.021",NA,NA,NA,168,"Dagaa"
"169.024",NA,NA,NA,169,"Dagaa"
"170.027",-45.5867155541427,-47.2179256433167,-44.4036615590146,170,"Dagaa"
"171.029",-45.7273842194765,-47.3395969511154,-44.5543006897302,171,"Dagaa"
"172.032",-45.2508929458885,-46.873701402342,-44.0722402153519,172,"Dagaa"
"173.035",-44.6634452172467,-46.2791235291638,-43.4885378679127,173,"Dagaa"
"174.037",-44.711065414153,-46.25747165364,-43.5730397367686,174,"Dagaa"
"175.04",-44.5957757695701,-46.262531269519,-43.3942436946094,175,"Dagaa"
"176.043",-44.5010155732987,-46.1924626631132,-43.2867821133933,176,"Dagaa"
"177.045",-44.9678360031633,-46.6226575374105,-43.7724821249715,177,"Dagaa"
"178.048",-45.3984909222975,-46.9550290791871,-44.2550143303203,178,"Dagaa"
"179.051",-45.0023945631439,-46.4664230368968,-43.909423888305,179,"Dagaa"
"180.053",-44.343499378793,-45.7856081088579,-43.2627422715433,180,"Dagaa"
"181.056",-45.0691262320937,-46.5583553764703,-43.9622318018598,181,"Dagaa"
"182.059",-45.5674387411867,-47.1031955785882,-44.4351635173958,182,"Dagaa"
"183.062",-45.623720437644,-47.2033972161895,-44.4678684049623,183,"Dagaa"
"184.064",-45.4958268182428,-47.0438290470039,-44.3569412091118,184,"Dagaa"
"185.067",-45.8098662371963,-47.500326210436,-44.5961384564205,185,"Dagaa"
"186.07",-46.1375064817939,-47.7241730917911,-44.9779358579317,186,"Dagaa"
"187.072",-46.2276757221823,-47.7709983119239,-45.0913129181895,187,"Dagaa"
"188.075",-46.1556653397126,-47.8073994827899,-44.9619140005659,188,"Dagaa"
"189.078",-45.6284492070579,-47.6759732947852,-44.2425506028666,189,"Dagaa"
"190.08",-45.2102657647555,-47.190312473527,-43.8553228898526,190,"Dagaa"
"191.083",-45.4740220005112,-47.3135575649112,-44.1858505444916,191,"Dagaa"
"192.086",-45.4121891229125,-47.1853277614387,-44.1567016154854,192,"Dagaa"
"193.088",-44.7237788475104,-46.4087033097609,-43.5128900163609,193,"Dagaa"
"194.091",-45.368284772352,-47.1196386603838,-44.1236846585411,194,"Dagaa"
"195.094",-46.165105867833,-47.8239735476432,-44.9676544180756,195,"Dagaa"
"196.096",-46.1604565306637,-47.7310179946296,-45.0094676490477,196,"Dagaa"
"197.099",-46.5090768933209,-48.1679238948725,-45.3116361558855,197,"Dagaa"
"198.102",-46.7206458269727,-48.4702171548153,-45.4769402179267,198,"Dagaa"
"199.104",-46.4526013889842,-48.2083616489253,-45.2057924822335,199,"Dagaa"
"200.107",-46.315086949817,-48.0785111484283,-45.0644443241885,200,"Dagaa"
"201.11",-45.9953415561474,-47.9108784532105,-44.670658646068,201,"Dagaa"
"202.112",-46.1547281878477,-48.1687477099124,-44.7841123489196,202,"Dagaa"
"203.115",-46.2020166220723,-48.1265130788606,-44.8730913799889,203,"Dagaa"
"204.118",-46.2268373911231,-48.1485965006341,-44.8992069092346,204,"Dagaa"
"205.12",-46.6545960514316,-48.3370016238683,-45.4450008752855,205,"Dagaa"
"206.123",-46.3913050447166,-47.9729847756637,-45.2343865036423,206,"Dagaa"
"207.126",-46.4267886582632,-48.1579662719741,-45.192345476004,207,"Dagaa"
"208.128",-46.5074430555191,-48.3108392226698,-45.2369687352424,208,"Dagaa"
"209.131",-46.8038534025693,-48.4022261633118,-45.6380755918878,209,"Dagaa"
"210.134",-46.563843185437,-48.2501241396849,-45.3522581554827,210,"Dagaa"
"211.136",-46.7646138286857,-48.3602838662511,-45.600266864988,211,"Dagaa"
"212.139",-47.3003705125057,-48.9389729737859,-46.1134546732697,212,"Dagaa"
"213.142",-47.234682623826,-48.8621760970744,-46.0535740084192,213,"Dagaa"
"214.144",-46.9199080230617,-48.611350161636,-45.7056770991392,214,"Dagaa"
"215.147",-46.42679055592,-48.2046734943911,-45.1689428185624,215,"Dagaa"
"216.15",-46.2624019101417,-48.2296941143508,-44.9133896404237,216,"Dagaa"
"217.152",-46.4116768073792,-48.2718369949813,-45.1135034099794,217,"Dagaa"
"218.155",-46.4744688208362,-48.1424789377658,-45.2722887275716,218,"Dagaa"
"219.158",-46.556197228365,-48.1900667812804,-45.3717527518721,219,"Dagaa"
"220.16",-46.415842477297,-48.3521815691183,-45.0813295135833,220,"Dagaa"
"221.163",-46.4700862187543,-48.5725185125138,-45.059509159932,221,"Dagaa"
"222.166",-46.9087642756831,-48.689497727054,-45.6495002991243,222,"Dagaa"
"223.168",-47.4894126751507,-49.2725128640954,-46.2289738732968,223,"Dagaa"
"224.171",-47.1560507559581,-48.8238895534232,-45.9539591336408,224,"Dagaa"
"225.174",-46.9059496915952,-48.5845055546478,-45.6983338505826,225,"Dagaa"
"226.177",-47.2522920017446,-48.9565887137258,-46.0314917749404,226,"Dagaa"
"227.179",-46.6359280331015,-48.4500485456073,-45.3601791814239,227,"Dagaa"
"228.182",-45.854387506885,-47.9572372324596,-44.4436245587399,228,"Dagaa"
"229.185",-46.5789861638972,-48.7982289622814,-45.1173821463705,229,"Dagaa"
"230.187",-46.524517045073,-48.5948418444048,-45.1283157336638,230,"Dagaa"
"231.19",-46.6342599371037,-48.6549520885303,-45.2605867352126,231,"Dagaa"
"232.193",-46.9554266420658,-48.7568546395206,-45.6859224349778,232,"Dagaa"
"233.195",-47.0764585668059,-48.9359237043925,-45.7786210881577,233,"Dagaa"
"234.198",-47.6305492734464,-49.4689868138526,-46.342912286714,234,"Dagaa"
"235.201",-47.6578267758496,-49.2783702768925,-46.4803627835328,235,"Dagaa"
"236.203",-46.9404147145894,-48.5280318025542,-45.7803391440018,236,"Dagaa"
"237.206",-47.2464848897245,-48.8700844344118,-46.067417187465,237,"Dagaa"
"238.209",-47.8814560119412,-49.584096025406,-46.6615007893545,238,"Dagaa"
"239.211",-47.8632279360445,-49.5984825602349,-46.6267266228383,239,"Dagaa"
"240.214",-46.6903214214047,-48.2671646064636,-45.5359794753237,240,"Dagaa"
"241.217",-46.3416500763481,-48.0733535308322,-45.1069412790838,241,"Dagaa"
"242.219",-47.0406378561371,-48.8992532686944,-45.7432111592715,242,"Dagaa"
"243.222",-47.443671725322,-49.2242726579925,-46.1844735580738,243,"Dagaa"
"244.225",-46.9505428470818,-48.7911011381086,-45.6618737538556,244,"Dagaa"
"245.227",-46.5193897950042,-48.326126234184,-45.2472705518663,245,"Dagaa"
"246.23",-45.9679721749283,-47.6035791533949,-44.7826199979931,246,"Dagaa"
"247.233",-46.3772965723378,-48.087145066293,-45.1536681871101,247,"Dagaa"
"248.235",-46.4873941493458,-48.2162762882221,-45.254111034526,248,"Dagaa"
"249.238",-46.6867876222614,-48.4447496174876,-45.4388763059219,249,"Dagaa"
"250.241",NA,NA,NA,250,"Dagaa"
"251.243",NA,NA,NA,251,"Dagaa"
"252.246",NA,NA,NA,252,"Dagaa"
"253.249",NA,NA,NA,253,"Dagaa"
"254.251",NA,NA,NA,254,"Dagaa"
"255.254",NA,NA,NA,255,"Dagaa"
"256.257",NA,NA,NA,256,"Dagaa"
"257.259",NA,NA,NA,257,"Dagaa"
"258.262",NA,NA,NA,258,"Dagaa"
"259.265",NA,NA,NA,259,"Dagaa"
"260.267",NA,NA,NA,260,"Dagaa"
"V1",-44.7936656893237,-44.0332002984649,-45.7161654142003,18,"KRM model"
"V2",-44.4337763169021,-43.6810924874386,-45.3448366707622,19,"KRM model"
"V3",-44.0936675364298,-43.3471642250311,-44.9956781161185,20,"KRM model"
"V4",-43.7716058575598,-43.0332704905806,-44.6617051108007,21,"KRM model"
"V5",-43.4620924384532,-42.7317294432348,-44.3406184863799,22,"KRM model"
"V6",-43.1739066602515,-42.4496982332737,-44.043533860248,23,"KRM model"
"V7",-42.8953381498407,-42.1780892427735,-43.7549396768535,24,"KRM model"
"V8",-42.6297041221509,-41.9201108239651,-43.4783223509346,25,"KRM model"
"V9",-42.3810423161751,-41.6788947259003,-43.2190234520519,26,"KRM model"
"V10",-42.1409924074791,-41.4446182498907,-42.9707558980411,27,"KRM model"
"V11",-41.9117599928801,-41.221281507333,-42.7331590978521,28,"KRM model"
"V12",-41.690721767558,-41.0076731229175,-42.5016189059902,29,"KRM model"
"V13",-41.4810625987256,-40.8047610875233,-42.2824602206409,30,"KRM model"
"V14",-41.2775134089874,-40.6064201494054,-42.0716024004757,31,"KRM model"
"V15",-41.0844551591034,-40.4190976048606,-41.8705196683976,32,"KRM model"
"V16",-40.8999089000068,-40.2405587033212,-41.6775960639302,33,"KRM model"
"V17",-40.7197289015156,-40.0666331411516,-41.4887235688357,34,"KRM model"
"V18",-40.5488232038901,-39.9015019977637,-41.3098188140978,35,"KRM model"
"V19",-40.3849129875457,-39.7436333323406,-41.1375667756954,36,"KRM model"
"V20",-40.2292904555858,-39.5938310078446,-40.9739341008466,37,"KRM model"
"V21",-40.0784592371903,-39.4483572661599,-40.8157520730431,38,"KRM model"
"V22",-39.9330424942914,-39.3081141776474,-40.6632571065452,39,"KRM model"
"V23",-39.7942043894428,-39.1731111351638,-40.5191850072364,40,"KRM model"
"V24",-39.6571800704525,-39.0429538609783,-40.3728159607557,41,"KRM model"
"V25",-39.5316516969954,-38.9231968260471,-40.2394608127028,42,"KRM model"
"V26",-39.4071097364112,-38.8037734147547,-40.1079978132484,43,"KRM model"
"V27",-39.2884036296536,-38.6890894643023,-39.9838665907588,44,"KRM model"
"V28",-39.1782351245597,-38.584112417346,-39.8667132172071,45,"KRM model"
"V29",-39.0677835646653,-38.4781234596668,-39.7502730521413,46,"KRM model"
"V30",-38.9647990391802,-38.3803620534578,-39.6402976091042,47,"KRM model"
"V31",-38.8639541061232,-38.2845141602929,-39.5327827195172,48,"KRM model"
"V32",-38.7717507809013,-38.1960423899583,-39.4356102495817,49,"KRM model"
"V33",-38.6804253236496,-38.109517716583,-39.3379064185423,50,"KRM model"
"V34",-38.5933825413281,-38.0281848088333,-39.2432987625943,51,"KRM model"
"V35",-38.5125365825314,-37.9510645210413,-39.1575291963106,52,"KRM model"
"V36",-38.4344130842864,-37.8769318664673,-39.0741425150627,53,"KRM model"
"V37",-38.3582802956987,-37.8059246611393,-38.9912664510882,54,"KRM model"
"V38",-38.288742597143,-37.7396448497728,-38.9174522031461,55,"KRM model"
"V39",-38.2227305786331,-37.6785081777133,-38.8450542695593,56,"KRM model"
"V40",-38.1588978422202,-37.6181557464561,-38.7766730092113,57,"KRM model"
"V41",-38.0985995756856,-37.5626239264591,-38.7101589384903,58,"KRM model"
"V42",-38.042718077571,-37.5115947379718,-38.6479657775203,59,"KRM model"
"V43",-37.9905590926725,-37.462500320903,-38.5918288894045,60,"KRM model"
"V44",-37.9412956742112,-37.4169856570198,-38.5377082310074,61,"KRM model"
"V45",-37.8952555997101,-37.3745374022424,-38.4870232717331,62,"KRM model"
"V46",-37.8521493402249,-37.3352019419736,-38.4390501382527,63,"KRM model"
"V47",-37.8133616006535,-37.300069706389,-38.3955535595275,64,"KRM model"
"V48",-37.7764293264883,-37.2673395156779,-38.3532195555578,65,"KRM model"
"V49",-37.7418503513084,-37.2368614341276,-38.3133804265388,66,"KRM model"
"V50",-37.7091612341657,-37.207196908988,-38.2768189661496,67,"KRM model"
"V51",-37.6828399374143,-37.1837486418966,-38.246825057574,68,"KRM model"
"V52",-37.6568804020819,-37.1616394035401,-38.2159523308028,69,"KRM model"
"V53",-37.6350346016472,-37.1429522414157,-38.1900833260091,70,"KRM model"
"V54",-37.6166911263436,-37.128032988934,-38.1673858729198,71,"KRM model"
"V55",-37.601461825849,-37.1160607634099,-38.1480223534814,72,"KRM model"
"V56",-37.5869251420399,-37.1044586040263,-38.1297668834167,73,"KRM model"
"V57",-37.5749852529303,-37.0958073968161,-38.1136661619893,74,"KRM model"
"V58",-37.565351386095,-37.0894556206568,-38.0998869082424,75,"KRM model"
"V59",-37.5588689377349,-37.0850913166722,-38.0907329351349,76,"KRM model"
"V60",-37.5538232760305,-37.0824075075502,-38.0827118410728,77,"KRM model"
"V61",-37.5527696826925,-37.0837107221263,-38.0786928120735,78,"KRM model"
"V62",-37.5538913876134,-37.0865765918022,-38.0776222729792,79,"KRM model"
"V63",-37.5568219456058,-37.0920252305309,-38.0773913524383,80,"KRM model"
"V64",-37.5606793564993,-37.0988083241245,-38.0775807226393,81,"KRM model"
"V65",-37.5681800509905,-37.108925000148,-38.0818063714759,82,"KRM model"
"V66",-37.5773500004994,-37.1205407947525,-38.0879182899527,83,"KRM model"
"V67",-37.5887685110491,-37.134434594155,-38.0962458978821,84,"KRM model"
"V68",-37.6031987855629,-37.1515361794835,-38.1073449362396,85,"KRM model"
"V69",-37.6179249613156,-37.1682222866929,-38.1196299213254,86,"KRM model"
"V70",-37.6363388772305,-37.1881676646244,-38.1361380468643,87,"KRM model"
"V71",-37.6571559059732,-37.2104152037682,-38.1551762736793,88,"KRM model"
"V72",-37.6784897009149,-37.2342633089553,-38.1733867730278,89,"KRM model"
"V73",-37.7028497440131,-37.2604297750225,-38.1955053643597,90,"KRM model"
"V74",-37.7275696108933,-37.2865599226674,-38.2184767732441,91,"KRM model"
"V75",-37.755182757232,-37.3161213139068,-38.2436765871334,92,"KRM model"
"V76",-37.784235516174,-37.3468174217929,-38.2706955778388,93,"KRM model"
"V77",-37.8139614592933,-37.3781510471904,-38.2984335581436,94,"KRM model"
"V78",-37.8472182296074,-37.4131979957956,-38.3294786375005,95,"KRM model"
"V79",-37.8806024648038,-37.4484892226551,-38.3605091038053,96,"KRM model"
"V80",-37.9170025987298,-37.4861032695044,-38.3954121268355,97,"KRM model"
"V81",-37.9538428186181,-37.5237882031001,-38.4312111180248,98,"KRM model"
"V82",-37.9924215759454,-37.5633745381408,-38.4685484849153,99,"KRM model"
"V83",-38.0338461601081,-37.6061047130107,-38.5083654661652,100,"KRM model"
"V84",-38.0758805389591,-37.6495763885295,-38.5486313159511,101,"KRM model"
"V85",-38.1186319084266,-37.6934293542136,-38.5900281039841,102,"KRM model"
"V86",-38.1648759832195,-37.7410318783973,-38.6346028113063,103,"KRM model"
"V87",-38.2118711807132,-37.7887180998974,-38.6807492715951,104,"KRM model"
"V88",-38.257697426313,-37.8353119379154,-38.7256330889531,105,"KRM model"
"V89",-38.3053602047644,-37.8845763838946,-38.7713305797007,106,"KRM model"
"V90",-38.3571813668353,-37.936879111558,-38.8225611637758,107,"KRM model"
"V91",-38.4082776462872,-37.9897311050835,-38.8715055207979,108,"KRM model"
"V92",-38.4614585906331,-38.0433329591202,-38.9241708572704,109,"KRM model"
"V93",-38.5170659376278,-38.0998447487186,-38.9786706520723,110,"KRM model"
"V94",-38.5728914039767,-38.1570659233579,-39.0327879839567,111,"KRM model"
"V95",-38.6288346618783,-38.2140237895352,-39.0874902817311,112,"KRM model"
"V96",-38.687077136364,-38.2730991380436,-39.1447145554687,113,"KRM model"
"V97",-38.7482571516452,-38.3350732059278,-39.2049242337413,114,"KRM model"
"V98",-38.8083247167417,-38.396080833925,-39.2638435458072,115,"KRM model"
"V99",-38.8696636169719,-38.4583200876,-39.3240832141405,116,"KRM model"
"V100",-38.9325597340651,-38.5215991305006,-39.3865119745743,117,"KRM model"
"V101",-38.9961866735824,-38.5860585448275,-39.4491232035132,118,"KRM model"
"V102",-39.0623513533747,-38.6529763496318,-39.5143693604772,119,"KRM model"
"V103",-39.1282902258713,-38.7197018109056,-39.5793492745707,120,"KRM model"
"V104",-39.194685093579,-38.7873821679473,-39.6441777857162,121,"KRM model"
"V105",-39.2620417627887,-38.8546851512992,-39.7115998500567,122,"KRM model"
"V106",-39.3323918157231,-38.9254461983375,-39.7814493137834,123,"KRM model"
"V107",-39.4022511931669,-38.9956816009492,-39.8508507860764,124,"KRM model"
"V108",-39.472142532798,-39.0659200721378,-39.9203194838302,125,"KRM model"
"V109",-39.5449443670259,-39.1388678783881,-39.9929436156217,126,"KRM model"
"V110",-39.6189396946954,-39.2139861568925,-40.0655723356724,127,"KRM model"
"V111",-39.6914559053979,-39.2868833434316,-40.1376250846993,128,"KRM model"
"V112",-39.7638243495681,-39.3598477062485,-40.2092687673698,129,"KRM model"
"V113",-39.8407413601328,-39.436523876896,-40.2864786630231,130,"KRM model"
"V114",-39.9170070493974,-39.5137616016916,-40.3615624817053,131,"KRM model"
"V115",-39.9950857165777,-39.5927941691321,-40.4384818981044,132,"KRM model"
"V116",-40.0724790165622,-39.6709255891284,-40.5149785665417,133,"KRM model"
"V117",-40.1501965299799,-39.7492875245609,-40.5919135439737,134,"KRM model"
"V118",-40.2295200336865,-39.8284624671297,-40.6714174259704,135,"KRM model"
"V119",-40.3089922806158,-39.9083226024371,-40.7504187396851,136,"KRM model"
"V120",-40.3862446203442,-39.9851033708809,-40.8282436238133,137,"KRM model"
"V121",-40.4673891529151,-40.0670030064769,-40.9084714365159,138,"KRM model"
"V122",-40.5507172362119,-40.1491370851796,-40.9932492428041,139,"KRM model"
"V123",-40.6331588459822,-40.2323364656428,-41.0747706888173,140,"KRM model"
"V124",-40.7174854435191,-40.3155243254991,-41.1604801940568,141,"KRM model"
"V125",-40.7979707181293,-40.3956007815197,-41.2414621427483,142,"KRM model"
"V126",-40.881254874888,-40.4796746050304,-41.323787025798,143,"KRM model"
"V127",-40.9652379550993,-40.563350162383,-41.4081436336098,144,"KRM model"
"V128",-41.047868273596,-40.6455892389829,-41.4912492523423,145,"KRM model"
"V129",-41.1324883842335,-40.7297894136659,-41.5763796277343,146,"KRM model"
"V130",-41.2160841011738,-40.8133532711887,-41.6600140615573,147,"KRM model"
"V131",-41.3020110023783,-40.8972030936013,-41.7484664732584,148,"KRM model"
"V132",-41.3857395175772,-40.981238805707,-41.8318213004744,149,"KRM model"
"V133",-41.470084283892,-41.0636353087376,-41.9185370138356,150,"KRM model"
"V134",-41.5584820259319,-41.1518344569659,-42.007176567905,151,"KRM model"
"V135",-41.6427332621957,-41.2343747720307,-42.0935120741648,152,"KRM model"
"V136",-41.7310888898393,-41.3197304686856,-42.1855266641093,153,"KRM model"
"V137",-41.8174328857665,-41.4039775532223,-42.2744315598401,154,"KRM model"
"V138",-41.9011964232155,-41.4860144947966,-42.3603058043517,155,"KRM model"
"V139",-41.9875047479302,-41.5705044696631,-42.4488390200499,156,"KRM model"
"V140",-42.0734421824344,-41.655123182194,-42.536391308971,157,"KRM model"
"V141",-42.1601330081312,-41.7391970843253,-42.6262899479722,158,"KRM model"
"V142",-42.2444444141541,-41.8217937905736,-42.7127055603167,159,"KRM model"
"V143",-42.3349470091567,-41.9092718110446,-42.8069242990181,160,"KRM model"
"V144",-42.4194196437175,-41.9899011535837,-42.8961273275244,161,"KRM model"
"V145",-42.5061297897061,-42.0755862604075,-42.984100689138,162,"KRM model"
"V146",-42.5929498460017,-42.1598593061815,-43.0740624591987,163,"KRM model"
"V147",-42.6795140370565,-42.2421977722449,-43.165848133593,164,"KRM model"
"V148",-42.7664037088112,-42.3245732164208,-43.2583283447627,165,"KRM model"
"V149",-42.8500992170296,-42.404856204443,-43.3462586549198,166,"KRM model"
"V150",-42.939485654341,-42.4900213101986,-43.4408939307093,167,"KRM model"
"V151",-43.026341086796,-42.5724466695396,-43.5332700827068,168,"KRM model"
"V152",-43.1103227480167,-42.6532798065199,-43.6211831089711,169,"KRM model"
"V153",-43.1961628852474,-42.7351191053199,-43.7120281025833,170,"KRM model"
"V154",-43.2818630329444,-42.8182999205668,-43.8008851456507,171,"KRM model"
"V155",-43.3686822408317,-42.9011688428061,-43.892662649472,172,"KRM model"
"V156",-43.4536406823748,-42.9817744750831,-43.9830964224667,173,"KRM model"
"V157",-43.539871489533,-43.0641979734204,-44.0741265597425,174,"KRM model"
"V158",-43.6262081993493,-43.1464107556344,-44.1656724636277,175,"KRM model"
"V159",-43.7114636445682,-43.230266239694,-44.2526988360158,176,"KRM model"
"V160",-43.794849419209,-43.3102703705295,-44.3403676725362,177,"KRM model"
"V161",-43.8821734752379,-43.3940836186852,-44.4321463936727,178,"KRM model"
"V162",-43.9687111752818,-43.4775128945303,-44.5226350254054,179,"KRM model"
"V163",-44.0533578664679,-43.5606443136615,-44.6092100183812,180,"KRM model"
"V164",-44.1421132628531,-43.6476507691386,-44.7001929805078,181,"KRM model"
"V165",-44.2272655154234,-43.7302334320579,-44.7886217340128,182,"KRM model"
"V166",-44.3124000649126,-43.8144726487884,-44.8748989650259,183,"KRM model"
"V167",-44.3968946073981,-43.8977186219831,-44.9609879080345,184,"KRM model"
"V168",-44.4812223097524,-43.9812545410956,-45.04632724436,185,"KRM model"
"V169",-44.5695775541461,-44.0683058562968,-45.1363493898002,186,"KRM model"
"V170",-44.6567848507991,-44.1559342532535,-45.2230182407315,187,"KRM model"
"V171",-44.7394582736706,-44.2382805648457,-45.3061099186465,188,"KRM model"
"V172",-44.8232880679049,-44.3200477698548,-45.3925786604051,189,"KRM model"
"V173",-44.9064739711413,-44.4008013608288,-45.4788802218806,190,"KRM model"
"V174",-44.9891417956813,-44.483017920683,-45.5621265295821,191,"KRM model"
"V175",-45.0699207852716,-44.5636991628382,-45.643030841192,192,"KRM model"
"V176",-45.1506766306862,-44.6438352346604,-45.724581448365,193,"KRM model"
"V177",-45.230785751561,-44.722464643528,-45.8065891135201,194,"KRM model"
"V178",-45.3149131502716,-44.8052369551693,-45.8924564527354,195,"KRM model"
"V179",-45.3883330639405,-44.879668443403,-45.9645773808483,196,"KRM model"
"V180",-45.4690749364093,-44.9593720438452,-46.0466525310435,197,"KRM model"
"V181",-45.5463154016764,-45.0374543112657,-46.1228119558755,198,"KRM model"
"V182",-45.6235891098918,-45.1149043623436,-46.1998592656074,199,"KRM model"
"V183",-45.7007886237135,-45.1931775209373,-46.2756808292248,200,"KRM model"
"V184",-45.7732069508427,-45.2663996680672,-46.3470680169326,201,"KRM model"
"V185",-45.8519674800565,-45.3442225508709,-46.4270314002512,202,"KRM model"
"V186",-45.9242952585193,-45.4177956531774,-46.4977617516066,203,"KRM model"
"V187",-46.0017665661905,-45.4977466022339,-46.5720554344591,204,"KRM model"
"V188",-46.0809114350813,-45.5802113168985,-46.6469524413464,205,"KRM model"
"V189",-46.1606804021846,-45.6614846145977,-46.7247989982479,206,"KRM model"
"V190",-46.2355621019547,-45.7387107054239,-46.7966877813457,207,"KRM model"
"V191",-46.3069272731661,-45.8129206100362,-46.8644262185773,208,"KRM model"
"V192",-46.3830742264675,-45.8934784570786,-46.9349604184657,209,"KRM model"
"V193",-46.4566624941888,-45.9666809392013,-47.0090390721338,210,"KRM model"
"V194",-46.5326725433061,-46.0445585658269,-47.082676095691,211,"KRM model"
"V195",-46.6088335218187,-46.1240174818741,-47.1546522228858,212,"KRM model"
"V196",-46.6811042028819,-46.2002387683533,-47.2219193404994,213,"KRM model"
"V197",-46.7540630890482,-46.274456004908,-47.2932866515236,214,"KRM model"
"V198",-46.8314836973764,-46.3543789936007,-47.3675453231705,215,"KRM model"
"V199",-46.8996061745879,-46.4245856798257,-47.433037398118,216,"KRM model"
"V200",-46.9697443676229,-46.4954454419881,-47.5022655908505,217,"KRM model"
"V201",-47.0396708742111,-46.5666251525254,-47.5706124428777,218,"KRM model"
"V202",-47.1075393709612,-46.6345964079597,-47.6383514587449,219,"KRM model"
"V203",-47.1772843745036,-46.704695750568,-47.7076500311249,220,"KRM model"
"V204",-47.2444220164478,-46.7734393591372,-47.7727653500385,221,"KRM model"
"V205",-47.3091646354847,-46.8386204123128,-47.8369561617644,222,"KRM model"
"V206",-47.3765421838974,-46.9032310859141,-47.9078181714913,223,"KRM model"
"V207",-47.4375150717059,-46.9649405464293,-47.967862967154,224,"KRM model"
"V208",-47.5014223028529,-47.0282875207109,-48.0324760975777,225,"KRM model"
"V209",-47.5715369703137,-47.0979581556633,-48.1031503728993,226,"KRM model"
"V210",-47.6298322515264,-47.1524170749904,-48.1662859578386,227,"KRM model"
"V211",-47.6932529885795,-47.2137769935945,-48.2323108081342,228,"KRM model"
"V212",-47.7513596760617,-47.2680270991647,-48.2952983157444,229,"KRM model"
"V213",-47.8082414498039,-47.3226539906849,-48.3550383817905,230,"KRM model"
"V214",-47.8630859696257,-47.3764678058134,-48.4111905458659,231,"KRM model"
"V215",-47.918935834719,-47.4304051842004,-48.4694686292834,232,"KRM model"
"V216",-47.971190461019,-47.4789615103555,-48.5264257526229,233,"KRM model"
"V217",-48.0223110043623,-47.5257308307003,-48.5830906701675,234,"KRM model"
"V218",-48.0692394281174,-47.5716263328114,-48.6313371106076,235,"KRM model"
"V219",-48.1086367065366,-47.6073526996252,-48.6754242831327,236,"KRM model"
"V220",-48.1522854110011,-47.6480086319797,-48.7229031919869,237,"KRM model"
"V221",-48.1933975331492,-47.6845552491614,-48.7698699416476,238,"KRM model"
"V222",-48.2281189921271,-47.7160184782512,-48.8087782317002,239,"KRM model"
"V223",-48.2628823126299,-47.7448680033765,-48.8511591636555,240,"KRM model"
"V224",-48.2889379739789,-47.7656786017456,-48.8839909415135,241,"KRM model"
"V225",-48.3150563536912,-47.7880317681259,-48.9149851996365,242,"KRM model"
"V226",-48.3340776129766,-47.7992301482677,-48.9441680367196,243,"KRM model"
"V227",-48.3479122731106,-47.8077778327661,-48.96489413718,244,"KRM model"
"V228",-48.3611715928065,-47.8153165754104,-48.9856319035109,245,"KRM model"
"V229",-48.3712641929405,-47.8172617329053,-49.0064149217631,246,"KRM model"
"V230",-48.3716535998886,-47.8094719358012,-49.0175832231681,247,"KRM model"
"V231",-48.3742110341225,-47.8070900469754,-49.0266727467156,248,"KRM model"
"V232",-48.3708687922758,-47.79852024349,-49.0302626140774,249,"KRM model"
"V233",-48.3604617008356,-47.7799927609547,-49.0306623321046,250,"KRM model"
"V234",-48.3453961160528,-47.7577576352472,-49.0251774150157,251,"KRM model"
"V235",-48.3304572539309,-47.7342504068057,-49.0217371085877,252,"KRM model"
"V236",-48.3033827004603,-47.6975516755089,-49.0076415899187,253,"KRM model"
"V237",-48.2839089161736,-47.6683278811907,-49.0013857029239,254,"KRM model"
"V238",-48.2598986010238,-47.6379184286763,-48.986088690511,255,"KRM model"
"V239",-48.2278665907458,-47.596762522373,-48.9665327352641,256,"KRM model"
"V240",-48.1918527084703,-47.5521692413952,-48.942307180569,257,"KRM model"
"V241",-48.1536141725062,-47.5068348593041,-48.9138604398083,258,"KRM model"
"V242",-48.1158789428537,-47.4596381644671,-48.8892408574814,259,"KRM model"
"V243",-48.0788715908386,-47.4120561930284,-48.8669732729856,260,"KRM model"
"451",NA,NA,NA,45,"Dagaa"
"46.0081",NA,NA,NA,46,"Dagaa"
"47.0161",NA,NA,NA,47,"Dagaa"
"48.0241",NA,NA,NA,48,"Dagaa"
"49.0321",NA,NA,NA,49,"Dagaa"
"50.041",NA,NA,NA,50,"Dagaa"
"51.0481",NA,NA,NA,51,"Dagaa"
"52.0561",NA,NA,NA,52,"Dagaa"
"53.0651",0.998974348709559,0.986681912957168,1.01126678446195,53,"Dagaa"
"54.0731",0.982538893853479,0.970439842354124,0.994637945352834,54,"Dagaa"
"55.0811",0.972717206109657,0.961882462873432,0.983551949345883,55,"Dagaa"
"56.0891",0.986540823324542,0.975510660772819,0.997570985876265,56,"Dagaa"
"57.0971",0.995743786286999,0.983404714315048,1.00808285825895,57,"Dagaa"
"58.1051",0.991887684108694,0.981003454092664,1.00277191412472,58,"Dagaa"
"59.1131",0.994202957275875,0.983499387311089,1.00490652724066,59,"Dagaa"
"60.1211",0.989513266393374,0.977968140666021,1.00105839212073,60,"Dagaa"
"61.1291",0.993344564085349,0.98073437769715,1.00595475047355,61,"Dagaa"
"62.1371",1.00755925890142,0.994370747283491,1.02074777051934,62,"Dagaa"
"63.1451",0.987701298956836,0.976293937295637,0.999108660618036,63,"Dagaa"
"64.1531",0.977078963357646,0.967233963691417,0.986923963023874,64,"Dagaa"
"65.1611",0.991379432964926,0.981559064919608,1.00119980101024,65,"Dagaa"
"66.1691",1.00292494714431,0.993153846459883,1.01269604782873,66,"Dagaa"
"67.1771",0.999898904986291,0.990545938034217,1.00925187193836,67,"Dagaa"
"68.1851",0.998234936500567,0.988115835660312,1.00835403734082,68,"Dagaa"
"69.1941",1.00252651800593,0.995709750424252,1.00934328558761,69,"Dagaa"
"70.2021",1,1,1,70,"Dagaa"
"71.211",0.994839300808966,0.988902144257362,1.00077645736057,71,"Dagaa"
"72.2181",0.984366377974976,0.975454814393788,0.993277941556164,72,"Dagaa"
"73.2261",0.996151726603352,0.986629529998943,1.00567392320776,73,"Dagaa"
"74.2341",1.00666439707968,0.996232971111406,1.01709582304795,74,"Dagaa"
"75.2421",0.995249042004793,0.985120379930542,1.00537770407904,75,"Dagaa"
"76.251",1.00066274169895,0.990661064615169,1.01066441878274,76,"Dagaa"
"77.2581",1.0014236945396,0.99057084700471,1.01227654207449,77,"Dagaa"
"78.2661",0.99982195155,0.988199721828689,1.01144418127131,78,"Dagaa"
"79.2741",0.999201546046073,0.988538132273923,1.00986495981822,79,"Dagaa"
"80.2821",0.989135956166976,0.978412948742276,0.999858963591676,80,"Dagaa"
"81.291",0.97260852448577,0.962085558775918,0.983131490195622,81,"Dagaa"
"82.2981",0.979144674892097,0.967925079096008,0.990364270688186,82,"Dagaa"
"83.3061",0.991444272421315,0.978433603577388,1.00445494126524,83,"Dagaa"
"84.3151",NA,NA,NA,84,"Dagaa"
"85.3231",NA,NA,NA,85,"Dagaa"
"86.3311",NA,NA,NA,86,"Dagaa"
"87.3391",NA,NA,NA,87,"Dagaa"
"88.3471",NA,NA,NA,88,"Dagaa"
"89.3551",NA,NA,NA,89,"Dagaa"
"901",NA,NA,NA,90,"Dagaa"
"911",NA,NA,NA,91,"Dagaa"
"921",NA,NA,NA,92,"Dagaa"
"931",NA,NA,NA,93,"Dagaa"
"941",NA,NA,NA,94,"Dagaa"
"951",NA,NA,NA,95,"Dagaa"
"961",NA,NA,NA,96,"Dagaa"
"971",NA,NA,NA,97,"Dagaa"
"981",NA,NA,NA,98,"Dagaa"
"991",NA,NA,NA,99,"Dagaa"
"1001",1.00697989634728,0.983626006554048,1.03033378614051,100,"Dagaa"
"1011",0.993773120168611,0.970244975195078,1.01730126514214,101,"Dagaa"
"1021",0.981186975088216,0.957881146774831,1.0044928034016,102,"Dagaa"
"1031",0.976197937276728,0.95289625901143,0.999499615542026,103,"Dagaa"
"1041",1.00438130888387,0.979709573024062,1.02905304474368,104,"Dagaa"
"1051",1.02216376172074,0.998191709926005,1.04613581351548,105,"Dagaa"
"1061",1.01683430883342,0.992556437671934,1.0411121799949,106,"Dagaa"
"1071",0.99806790573695,0.972793662141784,1.02334214933212,107,"Dagaa"
"1081",0.998157242708362,0.972745511446836,1.02356897396989,108,"Dagaa"
"1091",1.01946757749929,0.993987982068935,1.04494717292964,109,"Dagaa"
"1101",1.01643656024134,0.991258692607521,1.04161442787517,110,"Dagaa"
"1111",1.01030267976508,0.985239341746844,1.03536601778332,111,"Dagaa"
"1121",1.00591650042192,0.982180554613852,1.02965244623,112,"Dagaa"
"1131",1.0072390127677,0.983087730550039,1.03139029498536,113,"Dagaa"
"1141",1.01637552651237,0.991451882721886,1.04129917030286,114,"Dagaa"
"1151",1.02722684572161,1.00185340223898,1.05260028920425,115,"Dagaa"
"1161",1.02368346317432,0.997618374746485,1.04974855160216,116,"Dagaa"
"1171",1.0182770171534,0.991059503008758,1.04549453129804,117,"Dagaa"
"1181",1.02543480460526,0.999260225650834,1.05160938355969,118,"Dagaa"
"1191",1.01805937255017,0.989729329703308,1.04638941539704,119,"Dagaa"
"1201",1.01646308957589,0.987021936588446,1.04590424256333,120,"Dagaa"
"1211",1.02438904749448,0.996835193363969,1.051942901625,121,"Dagaa"
"1221",1.02557208096423,0.997020767515143,1.05412339441332,122,"Dagaa"
"1231",1.02897383926016,1.00002954637012,1.05791813215021,123,"Dagaa"
"1241",1.02408487389556,0.996839924456416,1.05132982333471,124,"Dagaa"
"1251",1.02389534680153,0.996438176690839,1.05135251691221,125,"Dagaa"
"1261",1.0261657921544,0.999292660262955,1.05303892404584,126,"Dagaa"
"1271",1.02855187624764,0.999980968261569,1.05712278423372,127,"Dagaa"
"1281",1.02126876976965,0.99246477508554,1.05007276445377,128,"Dagaa"
"1291",1.02675210071057,0.996862285985589,1.05664191543556,129,"Dagaa"
"1301",1.02706530682108,0.998569146274606,1.05556146736755,130,"Dagaa"
"1311",1.02794353556967,0.998478435425571,1.05740863571378,131,"Dagaa"
"1321",1.02432605684145,0.994359810990593,1.05429230269231,132,"Dagaa"
"1331",1.02342786464698,0.994066219079114,1.05278951021486,133,"Dagaa"
"1341",1.02611613331419,0.997364628983736,1.05486763764464,134,"Dagaa"
"1351",1.02216358542789,0.994723939662849,1.04960323119293,135,"Dagaa"
"1361",1.02314516640298,0.995608272392953,1.050682060413,136,"Dagaa"
"1371",1.02441946142958,0.995150406630863,1.05368851622829,137,"Dagaa"
"1381",1.02424424609192,0.994814172900756,1.05367431928309,138,"Dagaa"
"1391",1.0238790719063,0.99306388546837,1.05469425834422,139,"Dagaa"
"1401",1.02466702074138,0.994795542438625,1.05453849904413,140,"Dagaa"
"1411",1.0331086004759,1.00306833846199,1.06314886248982,141,"Dagaa"
"1421",1.02107888415019,0.991448372664856,1.05070939563553,142,"Dagaa"
"1431",1.01930666549877,0.990340976551078,1.04827235444646,143,"Dagaa"
"1441",1.0345488363883,1.00486020360492,1.06423746917167,144,"Dagaa"
"1451",1.04831652343896,1.0183199074168,1.07831313946113,145,"Dagaa"
"1461",1.04216860972435,1.01153733835408,1.07279988109462,146,"Dagaa"
"1471",1.04811430684815,1.01560411899616,1.08062449470013,147,"Dagaa"
"1481",1.04947901647389,1.01797436778971,1.08098366515806,148,"Dagaa"
"1491",1.04877442696721,1.01788017039275,1.07966868354167,149,"Dagaa"
"1501",1.04711022227998,1.01700008334665,1.07722036121331,150,"Dagaa"
"1511",1.05642215585431,1.0253308515494,1.08751346015922,151,"Dagaa"
"1521",1.04619864201744,1.01448874616376,1.07790853787113,152,"Dagaa"
"1531",1.0417992566594,1.00940955200946,1.07418896130934,153,"Dagaa"
"1541",1.0554662008833,1.02310856102323,1.08782384074336,154,"Dagaa"
"1551",1.05978310735455,1.02600861875918,1.09355759594992,155,"Dagaa"
"1561",1.0435238965287,1.01062043804839,1.07642735500901,156,"Dagaa"
"1571",1.02583028593684,0.993845982525584,1.0578145893481,157,"Dagaa"
"1581",1.03535747850163,1.00426195736805,1.0664529996352,158,"Dagaa"
"1591",NA,NA,NA,159,"Dagaa"
"1601",NA,NA,NA,160,"Dagaa"
"1611",NA,NA,NA,161,"Dagaa"
"1621",NA,NA,NA,162,"Dagaa"
"1631",NA,NA,NA,163,"Dagaa"
"1641",NA,NA,NA,164,"Dagaa"
"1651",NA,NA,NA,165,"Dagaa"
"166.0161",NA,NA,NA,166,"Dagaa"
"167.0191",NA,NA,NA,167,"Dagaa"
"168.0211",NA,NA,NA,168,"Dagaa"
"169.0241",NA,NA,NA,169,"Dagaa"
"170.0271",1.2085323652004,1.16047583755846,1.25658889284234,170,"Dagaa"
"171.0291",1.21395040010669,1.16419711853398,1.2637036816794,171,"Dagaa"
"172.0321",1.200733406534,1.15200753381577,1.24945927925223,172,"Dagaa"
"173.0351",1.18300531411856,1.13535942191799,1.23065120631913,173,"Dagaa"
"174.0371",1.1811886810411,1.13272864597816,1.22964871610404,174,"Dagaa"
"175.041",1.18254926518833,1.1330425317445,1.23205599863216,175,"Dagaa"
"176.0431",1.19007060384615,1.14028780206801,1.2398534056243,176,"Dagaa"
"177.0451",1.20125747717873,1.15142712102015,1.2510878333373,177,"Dagaa"
"178.0481",1.21158383127718,1.16036336098937,1.26280430156498,178,"Dagaa"
"179.0511",1.19607088278374,1.14531329182426,1.24682847374323,179,"Dagaa"
"180.0531",1.17591698372051,1.12621017720436,1.22562379023666,180,"Dagaa"
"181.0561",1.1963338230733,1.14596628439096,1.24670136175565,181,"Dagaa"
"182.0591",1.21721082307109,1.16483218501031,1.26958946113187,182,"Dagaa"
"183.0621",1.21590434647987,1.16430902530202,1.26749966765772,183,"Dagaa"
"184.0641",1.20501017027865,1.15505456528835,1.25496577526894,184,"Dagaa"
"185.0671",1.21433088307638,1.16383778794362,1.26482397820914,185,"Dagaa"
"186.071",1.22656177313161,1.17426230656526,1.27886123969796,186,"Dagaa"
"187.0721",1.22910246388087,1.17537333707073,1.282831590691,187,"Dagaa"
"188.0751",1.2276761348892,1.17289404023689,1.28245822954152,188,"Dagaa"
"189.0781",1.22585048003393,1.17016885687882,1.28153210318903,189,"Dagaa"
"190.081",1.22317501266943,1.16884472248368,1.27750530285518,190,"Dagaa"
"191.0831",1.22394218394521,1.17047598069619,1.27740838719423,191,"Dagaa"
"192.0861",1.22643080834458,1.17218417195487,1.2806774447343,192,"Dagaa"
"193.0881",1.21376867224469,1.15938701698117,1.2681503275082,193,"Dagaa"
"194.0911",1.22415182138025,1.17045781265688,1.27784583010362,194,"Dagaa"
"195.0941",1.23554455360641,1.18162856606871,1.2894605411441,195,"Dagaa"
"196.0961",1.23325321990735,1.17883958663181,1.28766685318288,196,"Dagaa"
"197.0991",1.23816130390802,1.18461748334621,1.29170512446982,197,"Dagaa"
"198.1021",1.24299464296467,1.18997271597934,1.29601656995001,198,"Dagaa"
"199.1041",1.23719649897132,1.18376389954727,1.29062909839537,199,"Dagaa"
"200.1071",1.24364907236728,1.18737980789473,1.29991833683984,200,"Dagaa"
"201.111",1.24636828373158,1.18864764852367,1.30408891893948,201,"Dagaa"
"202.1121",1.24893812568467,1.19227527446054,1.3056009769088,202,"Dagaa"
"203.1151",1.24954340804836,1.19310759034438,1.30597922575234,203,"Dagaa"
"204.1181",1.24905589909925,1.19327700988414,1.30483478831436,204,"Dagaa"
"205.121",1.25155710961492,1.19738864597587,1.30572557325397,205,"Dagaa"
"206.1231",1.24358023510406,1.18927523347244,1.29788523673568,206,"Dagaa"
"207.1261",1.24863717932341,1.1929933702114,1.30428098843542,207,"Dagaa"
"208.1281",1.24958777546997,1.19410784709741,1.30506770384253,208,"Dagaa"
"209.1311",1.25418595387318,1.1983199116673,1.31005199607907,209,"Dagaa"
"210.1341",1.25938842448162,1.20039866855586,1.31837818040737,210,"Dagaa"
"211.1361",1.26163884426653,1.20318790579451,1.32008978273855,211,"Dagaa"
"212.1391",1.26891241259222,1.21099221513198,1.32683261005245,212,"Dagaa"
"213.1421",1.26611675725411,1.20819812360167,1.32403539090654,213,"Dagaa"
"214.1441",1.26182053683029,1.20329620499463,1.32034486866595,214,"Dagaa"
"215.1471",1.25772376672495,1.19854105628616,1.31690647716373,215,"Dagaa"
"216.151",1.25912757543994,1.20008801882205,1.31816713205782,216,"Dagaa"
"217.1521",1.26297733519099,1.20234837865629,1.3236062917257,217,"Dagaa"
"218.1551",1.26446375862989,1.20193141556778,1.32699610169201,218,"Dagaa"
"219.1581",1.27289053701809,1.20823552913374,1.33754554490243,219,"Dagaa"
"220.161",1.2745403334555,1.21126946259101,1.33781120432,220,"Dagaa"
"221.1631",1.27583220127066,1.21339142372269,1.33827297881864,221,"Dagaa"
"222.1661",1.27370877234199,1.21272757569143,1.33468996899255,222,"Dagaa"
"223.1681",1.27853578346871,1.21785503782708,1.33921652911035,223,"Dagaa"
"224.1711",1.27506495877798,1.21264437496497,1.33748554259098,224,"Dagaa"
"225.1741",1.27415648789279,1.21075419531009,1.33755878047548,225,"Dagaa"
"226.1771",1.28211923008314,1.21901494425921,1.34522351590708,226,"Dagaa"
"227.1791",1.27525029611248,1.21207612361549,1.33842446860948,227,"Dagaa"
"228.1821",1.26817660583372,1.20452053539212,1.33183267627531,228,"Dagaa"
"229.1851",1.27749776407596,1.21513790108675,1.33985762706517,229,"Dagaa"
"230.1871",1.27918485006947,1.21613046830663,1.34223923183231,230,"Dagaa"
"231.191",1.27991197791828,1.21666260197913,1.34316135385743,231,"Dagaa"
"232.1931",1.28751467860468,1.22297046015114,1.35205889705822,232,"Dagaa"
"233.1951",1.2853360130059,1.22298847541912,1.34768355059267,233,"Dagaa"
"234.1981",1.2954424345014,1.23340846789107,1.35747640111173,234,"Dagaa"
"235.2011",1.29443645434776,1.23183628591905,1.35703662277648,235,"Dagaa"
"236.2031",1.27720140272993,1.21350061511608,1.34090219034379,236,"Dagaa"
"237.2061",1.27738349940611,1.21548707664477,1.33927992216744,237,"Dagaa"
"238.2091",1.29856877491433,1.2363732689941,1.36076428083455,238,"Dagaa"
"239.2111",1.30295643407116,1.23848068784655,1.36743218029578,239,"Dagaa"
"240.2141",1.27058344542935,1.20622268284784,1.33494420801086,240,"Dagaa"
"241.2171",1.26399840364661,1.19992568397792,1.32807112331531,241,"Dagaa"
"242.2191",1.28091109857722,1.21780739829665,1.34401479885778,242,"Dagaa"
"243.2221",1.28838433855253,1.22623049974785,1.3505381773572,243,"Dagaa"
"244.2251",1.27591728249897,1.2147365191141,1.33709804588383,244,"Dagaa"
"245.2271",1.25557913607705,1.19584308044082,1.31531519171328,245,"Dagaa"
"246.231",1.23877140529954,1.17973416533891,1.29780864526016,246,"Dagaa"
"247.2331",1.24410158607937,1.18595680640589,1.30224636575284,247,"Dagaa"
"248.2351",1.24705874504328,1.19100007455403,1.30311741553254,248,"Dagaa"
"249.2381",1.25505235453092,1.19999498761555,1.3101097214463,249,"Dagaa"
"250.2411",NA,NA,NA,250,"Dagaa"
"251.2431",NA,NA,NA,251,"Dagaa"
"252.2461",NA,NA,NA,252,"Dagaa"
"253.2491",NA,NA,NA,253,"Dagaa"
"254.2511",NA,NA,NA,254,"Dagaa"
"255.2541",NA,NA,NA,255,"Dagaa"
"256.2571",NA,NA,NA,256,"Dagaa"
"257.2591",NA,NA,NA,257,"Dagaa"
"258.2621",NA,NA,NA,258,"Dagaa"
"259.2651",NA,NA,NA,259,"Dagaa"
"260.2671",NA,NA,NA,260,"Dagaa"
"V1100",1.19871517542765,1.20573644940558,1.19169390144972,18,"KRM model"
"V244",1.1887556653367,1.19563563385753,1.18187569681588,19,"KRM model"
"V310",1.17938477808087,1.18617769130285,1.1725918648589,20,"KRM model"
"V410",1.17044621301068,1.177103260015,1.16378916600635,21,"KRM model"
"V510",1.16187809447976,1.16840798271227,1.15534820624724,22,"KRM model"
"V610",1.15390958062003,1.16031842467906,1.14750073656101,23,"KRM model"
"V710",1.14618823537939,1.15247313444939,1.13990333630939,24,"KRM model"
"V810",1.13880844029913,1.14491804622647,1.13269883437178,25,"KRM model"
"V910",1.13190283345125,1.13786291475483,1.12594275214766,26,"KRM model"
"V1010",1.1252632314096,1.13114059434128,1.11938586847792,27,"KRM model"
"V1110",1.11890928784523,1.12465966516668,1.11315891052378,28,"KRM model"
"V1210",1.11275905198494,1.11835074193318,1.10716736203669,29,"KRM model"
"V1310",1.10692231791999,1.11235937886999,1.10148525696999,30,"KRM model"
"V1410",1.10129361763417,1.10664716389667,1.09594007137168,31,"KRM model"
"V1510",1.09593611964507,1.10113903992899,1.09073319936115,32,"KRM model"
"V1610",1.09080225278343,1.09586579491584,1.08573871065101,33,"KRM model"
"V1710",1.08578219231104,1.09071268006591,1.08085170455616,34,"KRM model"
"V1810",1.0810298794224,1.08583044964807,1.07622930919673,35,"KRM model"
"V1910",1.07646420678665,1.08110715641905,1.07182125715425,36,"KRM model"
"V2010",1.07212753709927,1.07662913760766,1.06762593659088,37,"KRM model"
"V2110",1.06793701662149,1.07231907213152,1.06355496111145,38,"KRM model"
"V2210",1.06388807520617,1.06814700682751,1.05962914358482,39,"KRM model"
"V2310",1.06004637897117,1.06421271981612,1.05588003812623,40,"KRM model"
"V245",1.05620159781965,1.06018418641346,1.05221900922585,41,"KRM model"
"V251",1.05268894945756,1.05651929266819,1.04885860624692,42,"KRM model"
"V261",1.04921472501072,1.05290361806434,1.04552583195711,43,"KRM model"
"V271",1.04592085461652,1.04950175773127,1.04233995150176,44,"KRM model"
"V281",1.04283824137914,1.04627776868376,1.03939871407453,45,"KRM model"
"V291",1.03976415751443,1.04309746977088,1.03643084525797,46,"KRM model"
"V301",1.03687740926861,1.04004789538454,1.03370692315267,47,"KRM model"
"V311",1.03405150002598,1.0370830209537,1.03101997909826,48,"KRM model"
"V321",1.03148734552483,1.03441682303979,1.02855786800987,49,"KRM model"
"V331",1.0289233327418,1.03168344859232,1.02616321689127,50,"KRM model"
"V341",1.02647156187397,1.02907902229601,1.02386410145193,51,"KRM model"
"V351",1.02421562525164,1.02668631904076,1.02174493146251,52,"KRM model"
"V361",1.02202735893123,1.02436168222913,1.01969303563334,53,"KRM model"
"V371",1.01988211276572,1.02207990492837,1.01768432060308,54,"KRM model"
"V381",1.0179381883401,1.02000989507238,1.01586648160781,55,"KRM model"
"V391",1.01607127048304,1.01798754093167,1.0141550000344,56,"KRM model"
"V401",1.01428557790089,1.01607004461799,1.01250111118379,57,"KRM model"
"V411",1.01257388877678,1.01419206874645,1.0109557088071,58,"KRM model"
"V421",1.01098355377008,1.01244880427184,1.00951830326831,59,"KRM model"
"V431",1.00952233701748,1.01085491982633,1.00818975420862,60,"KRM model"
"V441",1.00812625795329,1.00930045488817,1.00695206101842,61,"KRM model"
"V451",1.0068260503821,1.00786673897989,1.00578536178431,62,"KRM model"
"V461",1.00559988937734,1.00649436731382,1.00470541144085,63,"KRM model"
"V471",1.00449416346716,1.00525129131486,1.00373703561946,64,"KRM model"
"V481",1.00343486203001,1.00402274390223,1.00284698015779,65,"KRM model"
"V491",1.00244019142394,1.00288689656154,1.00199348628635,66,"KRM model"
"V501",1.00151065350714,1.00182332078421,1.00119798623006,67,"KRM model"
"V511",1.00075548968281,1.00092268587033,1.00058829349528,68,"KRM model"
"V521",1,1,1,69,"KRM model"
"V531",0.999362592567782,0.999535632968981,0.999189552166583,70,"KRM model"
"V541",0.998820076596289,0.999142647451277,0.998497505741301,71,"KRM model"
"V551",0.99836480414059,0.99885409183457,0.99787551644661,72,"KRM model"
"V561",0.997932556762715,0.99855787303646,0.997307240488971,73,"KRM model"
"V571",0.997565270575577,0.998354444442196,0.996776096708958,74,"KRM model"
"V581",0.997260803446528,0.998226313773924,0.996295293119132,75,"KRM model"
"V591",0.997059247535344,0.998156919398377,0.995961575672311,76,"KRM model"
"V601",0.996892346445928,0.998139658562309,0.995645034329547,77,"KRM model"
"V611",0.996832883548192,0.998228236692238,0.995437530404146,78,"KRM model"
"V621",0.996846247177958,0.998375724642569,0.995316769713347,79,"KRM model"
"V631",0.996897342033326,0.998576061235843,0.99521862283081,80,"KRM model"
"V641",0.996968707518066,0.99879576054758,0.995141654488552,81,"KRM model"
"V651",0.997140020708426,0.999142488297455,0.995137553119396,82,"KRM model"
"V661",0.997363454218702,0.999518415402114,0.99520849303529,83,"KRM model"
"V671",0.997645606172107,0.999941526337904,0.99534968600631,84,"KRM model"
"V681",0.99800857344224,1.00048796300642,0.995529183878061,85,"KRM model"
"V691",0.998385803799505,1.00099696587253,0.995774641726477,86,"KRM model"
"V701",0.998870246855888,1.00163333414403,0.996107159567743,87,"KRM model"
"V711",0.999419875570472,1.00234096560638,0.996498785534568,88,"KRM model"
"V721",0.999974440380383,1.00303991087733,0.996908969883436,89,"KRM model"
"V731",1.00061640017032,1.00382177535611,0.997411024984532,90,"KRM model"
"V741",1.00127391817788,1.00461840706298,0.997929429292784,91,"KRM model"
"V751",1.00200583990226,1.00552162448743,0.998490055317094,92,"KRM model"
"V761",1.00277741698953,1.00641612796458,0.999138706014473,93,"KRM model"
"V771",1.00357032993843,1.00733589701996,0.999804762856896,94,"KRM model"
"V781",1.00445590360301,1.00838933280404,1.00052247440198,95,"KRM model"
"V791",1.00534431656943,1.00941942845271,1.00126920468616,96,"KRM model"
"V801",1.0063223315032,1.01053260065589,1.00211206235051,97,"KRM model"
"V811",1.00731643835491,1.01166715560899,1.00296572110082,98,"KRM model"
"V821",1.00835753344144,1.01283252290746,1.00388254397543,99,"KRM model"
"V831",1.00946787662321,1.01408359116441,1.004852162082,100,"KRM model"
"V841",1.01059764249322,1.01536870836828,1.00582657661816,101,"KRM model"
"V851",1.01174909059481,1.01664192698536,1.00685625420426,102,"KRM model"
"V861",1.0129954283358,1.01801802450814,1.00797283216346,103,"KRM model"
"V871",1.01426713472509,1.01941881693912,1.00911545251105,104,"KRM model"
"V881",1.01550768959215,1.02077859233198,1.01023678685232,105,"KRM model"
"V891",1.01678707281334,1.02219895360351,1.01137519202317,106,"KRM model"
"V901",1.01819120213346,1.02370189084614,1.01268051342078,107,"KRM model"
"V911",1.01956396954813,1.02519345042213,1.01393448867413,108,"KRM model"
"V921",1.0210070198907,1.0267493283648,1.0152647114166,109,"KRM model"
"V931",1.0225107817542,1.02836458845753,1.01665697505087,110,"KRM model"
"V941",1.02401434221305,1.02998505720747,1.01804362721864,111,"KRM model"
"V951",1.02552704804012,1.03161796682016,1.01943612926008,112,"KRM model"
"V961",1.02710208637617,1.03329670893352,1.02090746381883,113,"KRM model"
"V971",1.02875754349974,1.03504503133508,1.02247005566441,114,"KRM model"
"V981",1.03037958893943,1.03675640680028,1.02400277107859,115,"KRM model"
"V991",1.03203831838392,1.03853022610697,1.02554641066086,116,"KRM model"
"V1001",1.03374447314655,1.04032847896416,1.02716046732893,117,"KRM model"
"V1011",1.03546561772616,1.04212610340837,1.02880513204395,118,"KRM model"
"V1021",1.03725591576439,1.04403395956858,1.03047787196019,119,"KRM model"
"V1031",1.03903934295259,1.04589944254206,1.03217924336311,120,"KRM model"
"V1041",1.04083026796951,1.047790671751,1.03386986418802,121,"KRM model"
"V1051",1.04265976832653,1.04968238132279,1.03563715533026,122,"KRM model"
"V1061",1.04456806942337,1.05167236598968,1.03746377285706,123,"KRM model"
"V1071",1.04646205830486,1.05365430438574,1.03926981222398,124,"KRM model"
"V1081",1.04835859206177,1.05560646083739,1.04111072328616,125,"KRM model"
"V1091",1.05033565308458,1.05766787977122,1.04300342639794,126,"KRM model"
"V1101",1.05233398268172,1.05975289406277,1.04491507130066,127,"KRM model"
"V1111",1.05429979116847,1.06180056781506,1.04679901452187,128,"KRM model"
"V1121",1.05625802054825,1.06382446411142,1.04869157698508,129,"KRM model"
"V1131",1.05834977094428,1.0659697564441,1.05072978544447,130,"KRM model"
"V1141",1.06041192315079,1.06811775058551,1.05270609571608,131,"KRM model"
"V1151",1.06252250547525,1.07030970429405,1.05473530665644,132,"KRM model"
"V1161",1.06461760968296,1.0724482679523,1.05678695141362,133,"KRM model"
"V1171",1.06672273569649,1.07463494834603,1.05881052304695,134,"KRM model"
"V1181",1.06887900058508,1.07684832426182,1.06090967690833,135,"KRM model"
"V1191",1.07103378188287,1.07907147640981,1.06299608735593,136,"KRM model"
"V1201",1.07313554760226,1.08125795181647,1.06501314338804,137,"KRM model"
"V1211",1.07533354586132,1.08355098686634,1.06711610485629,138,"KRM model"
"V1221",1.07760769166447,1.08588577285626,1.06932961047268,139,"KRM model"
"V1231",1.07984124878519,1.08819090492064,1.07149159264974,140,"KRM model"
"V1241",1.08214408923837,1.09056889674741,1.07371928172934,141,"KRM model"
"V1251",1.08433521283765,1.09285975541504,1.07581067026025,142,"KRM model"
"V1261",1.08659135306454,1.09520057413411,1.07798213199497,143,"KRM model"
"V1271",1.08887501881698,1.09756440502233,1.08018563261164,144,"KRM model"
"V1281",1.09112509354205,1.0998775645453,1.0823726225388,145,"KRM model"
"V1291",1.09342915728524,1.10229164914016,1.08456666543032,146,"KRM model"
"V1301",1.0957031691331,1.10465869186262,1.08674764640359,147,"KRM model"
"V1311",1.09805973712037,1.10711575718493,1.08900371705581,148,"KRM model"
"V1321",1.10033580845484,1.10945918876725,1.09121242814244,149,"KRM model"
"V1331",1.10264572123486,1.11183832032467,1.09345312214504,150,"KRM model"
"V1341",1.1050531191246,1.11437030432404,1.09573593392516,151,"KRM model"
"V1351",1.10736146647672,1.11680225404529,1.09792067890815,152,"KRM model"
"V1361",1.10979326212453,1.11932643931025,1.10026008493881,153,"KRM model"
"V1371",1.11216188736009,1.12179461534485,1.10252915937533,154,"KRM model"
"V1381",1.11446158743528,1.12422270015696,1.10470047471359,155,"KRM model"
"V1391",1.11683224237817,1.1267397242949,1.10692476046143,156,"KRM model"
"V1401",1.11918366197894,1.1292153735746,1.10915195038328,157,"KRM model"
"V1411",1.12157330661602,1.13173418536748,1.11141242786455,158,"KRM model"
"V1421",1.1238851200971,1.13419279645514,1.11357744373906,159,"KRM model"
"V1431",1.12638066372765,1.1367948522651,1.11596647519019,160,"KRM model"
"V1441",1.12871897180895,1.13930526245781,1.11813268116009,161,"KRM model"
"V1451",1.13109520568825,1.14179242295872,1.12039798841778,162,"KRM model"
"V1461",1.13348729445493,1.14436633803043,1.12260825087942,163,"KRM model"
"V1471",1.13589395570593,1.1469139104737,1.12487400093816,164,"KRM model"
"V1481",1.13830681393049,1.14946860207099,1.12714502579,165,"KRM model"
"V1491",1.14062162763473,1.15191375036038,1.12932950490909,166,"KRM model"
"V1501",1.14310216549943,1.15454728079075,1.13165705020811,167,"KRM model"
"V1511",1.14551713791871,1.15708855540201,1.1339457204354,168,"KRM model"
"V1521",1.14784516583807,1.15955979449503,1.13613053718111,169,"KRM model"
"V1531",1.15023401783259,1.16209463186355,1.13837340380164,170,"KRM model"
"V1541",1.15260141868428,1.16460851353408,1.14059432383447,171,"KRM model"
"V1551",1.15501224800066,1.16714454561505,1.14287995038628,172,"KRM model"
"V1561",1.15738045154937,1.1696590770291,1.14510182606965,173,"KRM model"
"V1571",1.15977829529052,1.17220649595571,1.14735009462532,174,"KRM model"
"V1581",1.16218073408974,1.17472144994058,1.14964001823889,175,"KRM model"
"V1591",1.1645234564836,1.1771514212547,1.1518954917125,176,"KRM model"
"V1601",1.16683203489221,1.17958978612604,1.15407428365838,177,"KRM model"
"V1611",1.16925483599715,1.18214090607511,1.15636876591918,178,"KRM model"
"V1621",1.17165266732183,1.18464600545172,1.15865932919193,179,"KRM model"
"V1631",1.1739789114515,1.18710002758922,1.16085779531379,180,"KRM model"
"V1641",1.17642326549266,1.18962439935244,1.16322213163289,181,"KRM model"
"V1651",1.17877137751952,1.19204463755447,1.16549811748457,182,"KRM model"
"V1661",1.18111224912608,1.19445333097877,1.16777116727339,183,"KRM model"
"V1671",1.18342929826386,1.19687742140097,1.16998117512675,184,"KRM model"
"V1681",1.18573919476151,1.19929028541231,1.1721881041107,185,"KRM model"
"V1691",1.18816286565167,1.20179690377206,1.17452882753129,186,"KRM model"
"V1701",1.19053348540796,1.20427668734241,1.1767902834735,187,"KRM model"
"V1711",1.1927972816036,1.20658616250443,1.17900840070276,188,"KRM model"
"V1721",1.19511016563132,1.20894644131735,1.18127388994529,189,"KRM model"
"V1731",1.19740910198437,1.21130827668093,1.18350992728781,190,"KRM model"
"V1741",1.19966655536941,1.21366607415532,1.18566703658351,191,"KRM model"
"V1751",1.2018709855382,1.21590438358385,1.18783758749254,192,"KRM model"
"V1761",1.20407290505805,1.21811023966603,1.19003557045006,193,"KRM model"
"V1771",1.20628132198314,1.22041825054378,1.19214439342249,194,"KRM model"
"V1781",1.20858572428825,1.22275242226769,1.1944190263088,195,"KRM model"
"V1791",1.21057364931,1.22478250238222,1.19636479623778,196,"KRM model"
"V1801",1.21279316726624,1.22698018191861,1.19860615261386,197,"KRM model"
"V1811",1.21489087176118,1.22910038691744,1.20068135660492,198,"KRM model"
"V1821",1.21699006496692,1.23121385532176,1.20276627461208,199,"KRM model"
"V1831",1.21907997460412,1.23335364051007,1.20480630869817,200,"KRM model"
"V1841",1.22104133306022,1.23527641141153,1.20680625470892,201,"KRM model"
"V1851",1.22318443530149,1.23743815652068,1.2089307140823,202,"KRM model"
"V1861",1.22513473931678,1.23930114268934,1.21096833594423,203,"KRM model"
"V1871",1.22721630217053,1.24138048306502,1.21305212127605,204,"KRM model"
"V1881",1.22933396565358,1.24350317468234,1.21516475662482,205,"KRM model"
"V1891",1.23149128098285,1.24560240420066,1.21738015776504,206,"KRM model"
"V1901",1.23349944326235,1.24754758495692,1.21945130156777,207,"KRM model"
"V1911",1.23540763567507,1.24949006783994,1.22132520351019,208,"KRM model"
"V1921",1.23741968253753,1.25144014265183,1.22339922242322,209,"KRM model"
"V1931",1.23942070642934,1.25341142218439,1.22542999067429,210,"KRM model"
"V1941",1.24146229406078,1.25542656159862,1.22749802652294,211,"KRM model"
"V1951",1.24349528576808,1.25747229909112,1.22951827244504,212,"KRM model"
"V1961",1.24541848154508,1.25930264930974,1.23153431378041,213,"KRM model"
"V1971",1.2473894036011,1.26124001441243,1.23353879278976,214,"KRM model"
"V1981",1.24945895856685,1.26332865434554,1.23558926278816,215,"KRM model"
"V1991",1.25128486717536,1.26514874575561,1.2374209885951,216,"KRM model"
"V2001",1.25318227929778,1.26700602598448,1.23935853261108,217,"KRM model"
"V2011",1.25507233920557,1.26889603977148,1.24124863863965,218,"KRM model"
"V2021",1.25691256789083,1.27073553980936,1.24308959597231,219,"KRM model"
"V2031",1.25880372048606,1.2725874956545,1.24501994531762,220,"KRM model"
"V2041",1.26060973818536,1.27430887755939,1.24691059881133,221,"KRM model"
"V2051",1.26236461641981,1.27602153673952,1.24870769610009,222,"KRM model"
"V2061",1.26422335768036,1.27781942252167,1.25062729283905,223,"KRM model"
"V2071",1.26586881663735,1.27945952390208,1.25227810937263,224,"KRM model"
"V2081",1.26760371021088,1.28109853454396,1.25410888587779,225,"KRM model"
"V2091",1.26951738461152,1.28299780711594,1.2560369621071,226,"KRM model"
"V2101",1.27114792175101,1.28451142404894,1.25778441945308,227,"KRM model"
"V2111",1.27289099117057,1.28621263639824,1.25956934594289,228,"KRM model"
"V2121",1.27450772952993,1.28778826067956,1.26122719838031,229,"KRM model"
"V2131",1.27607758560064,1.28927304599438,1.26288212520689,230,"KRM model"
"V2141",1.2775697344561,1.29068582287695,1.26445364603525,231,"KRM model"
"V2151",1.27910187866131,1.29211591217277,1.26608784514986,232,"KRM model"
"V2161",1.28055706201211,1.29345590064813,1.2676582233761,233,"KRM model"
"V2171",1.28199879571087,1.29485337854828,1.26914421287346,234,"KRM model"
"V2181",1.28327433708799,1.29598559866967,1.27056307550631,235,"KRM model"
"V2191",1.2843861377995,1.29691087477711,1.27186140082188,236,"KRM model"
"V2201",1.28560824932136,1.29799117207724,1.27322532656547,237,"KRM model"
"V2211",1.28677034227547,1.29904022854811,1.27450045600284,238,"KRM model"
"V2221",1.28774043296434,1.29987263702053,1.27560822890814,239,"KRM model"
"V2231",1.28876573081681,1.30078183158875,1.27674963004487,240,"KRM model"
"V2241",1.28953026066257,1.30135819479806,1.27770232652708,241,"KRM model"
"V2251",1.29028252068625,1.30200067660731,1.27856436476519,242,"KRM model"
"V2261",1.29089875169028,1.30247169211851,1.27932581126205,243,"KRM model"
"V2271",1.29133591194422,1.30279145685105,1.27988036703738,244,"KRM model"
"V2281",1.29176607313676,1.30316281230923,1.28036933396429,245,"KRM model"
"V2291",1.2921391476351,1.3034154988314,1.2808627964388,246,"KRM model"
"V2301",1.29225140108571,1.30342954767313,1.28107325449829,247,"KRM model"
"V2311",1.29238276437433,1.30350700917092,1.28125851957773,248,"KRM model"
"V2321",1.292365245159,1.30333988029644,1.28139061002156,249,"KRM model"
"V2331",1.2922019805488,1.30310342485087,1.28130053624673,250,"KRM model"
"V2341",1.29189686637924,1.30266811983441,1.28112561292407,251,"KRM model"
"V2351",1.29160046235979,1.30223943861692,1.28096148610267,252,"KRM model"
"V2361",1.29100515980537,1.30154349220147,1.28046682740928,253,"KRM model"
"V2371",1.29060999137116,1.30105179116265,1.28016819157967,254,"KRM model"
"V2381",1.29004298179104,1.30037656650775,1.27970939707434,255,"KRM model"
"V2391",1.28932016941303,1.29964119399894,1.27899914482712,256,"KRM model"
"V2401",1.28846492229302,1.2986634170049,1.27826642758113,257,"KRM model"
"V2411",1.28754200390006,1.29762072637979,1.27746328142033,258,"KRM model"
"V2421",1.28665458185278,1.29669649889082,1.27661266481474,259,"KRM model"
"V2431",1.28582438601752,1.29585119222258,1.27579757981246,260,"KRM model"
